"Series Description","AUSTRALIA -- SPOT EXCHANGE RATE, US$/AUSTRALIAN $ RECIPROCAL OF RXI_N.M.AL ","SPOT EXCHANGE RATE - EURO AREA ","NEW ZEALAND -- SPOT EXCHANGE RATE, US$/NZ$ (RECIPROCAL OF RXI_N.M.NZ) ","United Kingdom -- Spot Exchange Rate, US$/Pound Sterling Reciprocal of rxi_n.m.uk","BRAZIL -- SPOT EXCHANGE RATE, REAIS/US$ ","CANADA -- SPOT EXCHANGE RATE, CANADIAN $/US$ ","CHINA -- SPOT EXCHANGE RATE, YUAN/US$ ","DENMARK -- SPOT EXCHANGE RATE, KRONER/US$ ","HONG KONG -- SPOT EXCHANGE RATE, HK$/US$ ","INDIA -- SPOT EXCHANGE RATE, RUPEES/US$","JAPAN -- SPOT EXCHANGE RATE, YEA/US$ ","KOREA -- SPOT EXCHANGE RATE, WON/US$ ","Malaysia - Spot Exchange Rate, Ringgit/US$ ","MEXICO -- SPOT EXCHANGE RATE, PESOS/US$ ","NORWAY -- SPOT EXCHANGE RATE, KRONER/US$ ","SWEDEN -- SPOT EXCHANGE RATE, KRONOR/US$ ","SOUTH AFRICA -- SPOT EXCHANGE RATE, RAND/US$ ","Singapore - SPOT EXCHANGE RATE, SINGAPORE $/US$ ","SRI LANKA -- SPOT EXCHANGE RATE, RUPEES/US$ ","SWITZERLAND -- SPOT EXCHANGE RATE, FRANCS/US$ ","TAIWAN -- SPOT EXCHANGE RATE, NT$/US$ ","THAILAND -- SPOT EXCHANGE RATE -- THAILAND ","VENEZUELA -- SPOT EXCHANGE RATE, BOLIVARES/US$ "
"Unit:","Currency:_Per_AUD","Currency:_Per_EUR","Currency:_Per_NZD","Currency:_Per_GBP","Currency:_Per_USD","Currency:_Per_USD","Currency:_Per_USD","Currency:_Per_USD","Currency:_Per_USD","Currency:_Per_USD","Currency:_Per_USD","Currency:_Per_USD","Currency:_Per_USD","Currency:_Per_USD","Currency:_Per_USD","Currency:_Per_USD","Currency:_Per_USD","Currency:_Per_USD","Currency:_Per_USD","Currency:_Per_USD","Currency:_Per_USD","Currency:_Per_USD","Currency:_Per_USD"
"Multiplier:","1","1","1","0.00999999978","1","1","1","1","1","1","1","1","1","1","1","1","1","1","1","1","1","1","1"
"Currency:","USD","USD","USD","USD","BRL","CAD","CNY","DKK","HKD","INR","JPY","KRW","MYR","MXN","NOK","SEK","ZAR","SGD","LKR","CHF","TWD","THB","VEB"
"Unique Identifier: ","H10/H10/RXI$US_N.M.AL","H10/H10/RXI$US_N.M.EU","H10/H10/RXI$US_N.M.NZ","H10/H10/RXI$US_N.M.UK","H10/H10/RXI_N.M.BZ","H10/H10/RXI_N.M.CA","H10/H10/RXI_N.M.CH","H10/H10/RXI_N.M.DN","H10/H10/RXI_N.M.HK","H10/H10/RXI_N.M.IN","H10/H10/RXI_N.M.JA","H10/H10/RXI_N.M.KO","H10/H10/RXI_N.M.MA","H10/H10/RXI_N.M.MX","H10/H10/RXI_N.M.NO","H10/H10/RXI_N.M.SD","H10/H10/RXI_N.M.SF","H10/H10/RXI_N.M.SI","H10/H10/RXI_N.M.SL","H10/H10/RXI_N.M.SZ","H10/H10/RXI_N.M.TA","H10/H10/RXI_N.M.TH","H10/H10/RXI_N.M.VE"
"Time Period","RXI$US_N.M.AL","RXI$US_N.M.EU","RXI$US_N.M.NZ","RXI$US_N.M.UK","RXI_N.M.BZ","RXI_N.M.CA","RXI_N.M.CH","RXI_N.M.DN","RXI_N.M.HK","RXI_N.M.IN","RXI_N.M.JA","RXI_N.M.KO","RXI_N.M.MA","RXI_N.M.MX","RXI_N.M.NO","RXI_N.M.SD","RXI_N.M.SF","RXI_N.M.SI","RXI_N.M.SL","RXI_N.M.SZ","RXI_N.M.TA","RXI_N.M.TH","RXI_N.M.VE"
2000-01,0.6560,1.0131,0.5127,1.6404,1.8057,1.4486,8.2792,7.3492,7.7791,43.5895,105.2960,1130.9900,3.8000,9.4935,8.0241,8.4918,6.1309,1.6757,73.1400,1.5903,30.8895,37.3800,0.6528
2000-02,0.6278,0.9834,0.4903,1.6000,1.7765,1.4512,8.2781,7.5725,7.7816,43.6540,109.3885,1129.7455,3.8000,9.4265,8.2374,8.6480,6.3209,1.7028,73.5520,1.6348,30.8058,37.7585,0.6594
2000-03,0.6094,0.9643,0.4902,1.5799,1.7424,1.4608,8.2786,7.7228,7.7848,43.6383,106.3074,1116.3904,3.8000,9.2886,8.4100,8.6971,6.4675,1.7153,73.8096,1.6636,30.7198,37.9226,0.6668
2000-04,0.5960,0.9449,0.4960,1.5823,1.7696,1.4689,8.2793,7.8872,7.7880,43.6847,105.6270,1110.3200,3.8000,9.3937,8.6272,8.7486,6.6480,1.7096,74.1225,1.6657,30.5203,37.9928,0.6727
2000-05,0.5784,0.9059,0.4708,1.5090,1.8278,1.4957,8.2781,8.2329,7.7907,44.0759,108.3205,1119.4864,3.8000,9.5059,9.0533,9.0925,7.0238,1.7286,74.8668,1.7190,30.7718,38.9514,0.6800
2000-06,0.5949,0.9505,0.4705,1.5092,1.8099,1.4770,8.2772,7.8501,7.7934,44.7605,106.1255,1117.9350,3.8000,9.8343,8.6807,8.7471,6.9147,1.7277,76.7359,1.6420,30.8305,39.0868,0.6810
2000-07,0.5870,0.9386,0.4597,1.5076,1.7982,1.4778,8.2794,7.9471,7.7969,44.8405,108.2115,1115.0750,3.8000,9.4192,8.7185,8.9640,6.8971,1.7414,78.8515,1.6519,30.9838,40.3177,0.6859
2000-08,0.5808,0.9045,0.4452,1.4889,1.8091,1.4828,8.2796,8.2459,7.7995,45.7687,108.0804,1114.4670,3.8000,9.2724,8.9526,9.2771,6.9570,1.7206,78.2826,1.7149,31.1061,40.8891,0.6892
2000-09,0.5521,0.8695,0.4171,1.4336,1.8397,1.4864,8.2785,8.5849,7.7985,45.9680,106.8375,1117.5700,3.8000,9.3615,9.2331,9.6853,7.1805,1.7406,78.7310,1.7586,31.1977,41.9920,0.6904
2000-10,0.5280,0.8525,0.4001,1.4506,1.8813,1.5125,8.2785,8.7276,7.7977,46.4252,108.4429,1131.0990,3.8000,9.5370,9.3794,9.9930,7.4902,1.7525,79.2910,1.7745,31.8457,43.3338,0.6929
2000-11,0.5218,0.8552,0.3990,1.4258,1.9483,1.5426,8.2774,8.6992,7.7991,46.8214,109.0095,1156.5429,3.8000,9.5081,9.3524,10.0965,7.6889,1.7478,80.3805,1.7779,32.4333,43.7914,0.6958
2000-12,0.5466,0.8983,0.4297,1.4629,1.9632,1.5219,8.2771,8.3059,7.7991,46.7845,112.2090,1216.9350,3.8000,9.4673,9.0616,9.6604,7.6439,1.7361,82.0300,1.6855,33.1230,43.2460,0.6988
2001-01,0.5552,0.9376,0.4442,1.4775,1.9561,1.5032,8.2776,7.9629,7.7998,46.6138,116.6719,1272.6343,3.8000,9.7688,8.7817,9.4910,7.7786,1.7380,85.8333,1.6305,32.6731,43.1486,0.7000
2001-02,0.5338,0.9205,0.4345,1.4525,2.0060,1.5216,8.2771,8.1103,7.7999,46.5616,116.2337,1252.8526,3.8000,9.7108,8.9180,9.7518,7.8214,1.7435,87.1358,1.6686,32.3300,42.6653,0.7034
2001-03,0.5031,0.9083,0.4182,1.4445,2.0955,1.5587,8.2775,8.2229,7.7999,46.6532,121.5050,1291.4050,3.8000,9.5990,8.9859,10.0516,7.8980,1.7732,85.7295,1.6908,32.6216,43.9878,0.7061
2001-04,0.5016,0.8925,0.4069,1.4348,2.1934,1.5578,8.2771,8.3657,7.7993,46.7886,123.7710,1327.7571,3.8000,9.3276,9.0920,10.2035,8.0783,1.8118,88.2052,1.7131,32.9405,45.4938,0.7104
2001-05,0.5199,0.8753,0.4218,1.4265,2.2926,1.5411,8.2770,8.5256,7.7999,46.9473,121.7682,1298.8955,3.8000,9.1475,9.1380,10.3513,7.9789,1.8141,90.8477,1.7528,33.2032,45.5245,0.7149
2001-06,0.5180,0.8530,0.4141,1.4020,2.3788,1.5245,8.2770,8.7397,7.7997,47.0424,122.3510,1295.0476,3.8000,9.0881,9.3014,10.7930,8.0595,1.8170,90.3714,1.7856,34.3280,45.2633,0.7173
2001-07,0.5089,0.8615,0.4081,1.4148,2.4731,1.5308,8.2769,8.6442,7.7999,47.1781,124.4981,1305.2381,3.8000,9.1682,9.2566,10.7603,8.2094,1.8233,90.3143,1.7570,34.8214,45.6414,0.7227
2001-08,0.5246,0.9014,0.4314,1.4372,2.5122,1.5399,8.2770,8.2632,7.7997,47.1665,121.3670,1285.6522,3.8000,9.1332,8.9427,10.3329,8.3115,1.7613,89.9935,1.6808,34.6391,44.9074,0.7320
2001-09,0.5036,0.9114,0.4173,1.4638,2.6767,1.5679,8.2768,8.1654,7.7997,47.7511,118.6117,1293.8333,3.8000,9.4253,8.7691,10.6353,8.6756,1.7494,90.1572,1.6338,34.5848,44.3311,0.7435
2001-10,0.5042,0.9050,0.4139,1.4501,2.7408,1.5717,8.2768,8.2186,7.7999,48.0514,121.4536,1302.3636,3.8001,9.3391,8.8329,10.5661,9.2804,1.8113,90.9536,1.6357,34.5827,44.7500,0.7432
2001-11,0.5165,0.8883,0.4158,1.4356,2.5481,1.5922,8.2769,8.3832,7.7996,48.0430,122.4055,1282.1000,3.8000,9.2250,8.9296,10.6117,9.7388,1.8295,92.6700,1.6509,34.4975,44.4105,0.7451
2001-12,0.5138,0.8912,0.4157,1.4413,2.3635,1.5788,8.2764,8.3526,7.7989,47.9345,127.5945,1292.2850,3.8000,9.1574,8.9713,10.5753,11.6761,1.8382,93.1940,1.6566,34.6820,43.9515,0.7536
2002-01,0.5170,0.8832,0.4245,1.4322,2.3799,1.5997,8.2771,8.4183,7.7989,48.3533,132.6833,1316.3381,3.8000,9.1636,8.9684,10.4561,11.6258,1.8394,93.4733,1.6709,35.0271,44.0362,0.7624
2002-02,0.5128,0.8707,0.4187,1.4227,2.4242,1.5964,8.2767,8.5343,7.7996,48.7168,133.6426,1320.5526,3.8002,9.1050,8.9492,10.5501,11.4923,1.8312,93.6500,1.6970,35.0732,43.8537,0.8985
2002-03,0.5256,0.8766,0.4333,1.4230,2.3450,1.5877,8.2773,8.4795,7.7997,48.7667,131.0610,1322.9048,3.8000,9.0640,8.8072,10.3324,11.4863,1.8295,94.9033,1.6743,35.0195,43.4152,0.9227
2002-04,0.5352,0.8860,0.4428,1.4429,2.3227,1.5815,8.2772,8.3942,7.8000,48.9386,130.7718,1318.0909,3.8000,9.1649,8.6102,10.3070,11.0832,1.8285,96.0295,1.6542,34.9173,43.4423,0.8714
2002-05,0.5498,0.9170,0.4610,1.4598,2.4753,1.5502,8.2770,8.1098,7.7994,49.0168,126.3750,1262.2000,3.8000,9.5099,8.2050,10.0642,10.1615,1.8004,96.3182,1.5889,34.4536,42.8165,0.9858
2002-06,0.5682,0.9561,0.4886,1.4837,2.7144,1.5318,8.2767,7.7775,7.8000,48.9840,123.2905,1219.6950,3.8000,9.7671,7.7533,9.5376,10.1841,1.7831,96.4075,1.5399,33.8890,42.1600,1.2121
2002-07,0.5538,0.9935,0.4809,1.5565,2.9414,1.5456,8.2768,7.4807,7.8000,48.7877,117.8991,1179.9868,3.8000,9.7792,7.4694,9.3474,10.1032,1.7524,96.2655,1.4718,33.2723,41.2569,1.3174
2002-08,0.5413,0.9781,0.4635,1.5368,3.1082,1.5694,8.2767,7.5948,7.8000,48.6150,118.9927,1197.5091,3.8000,9.8389,7.6042,9.4610,10.5878,1.7553,96.2805,1.4972,33.8841,42.1927,1.3797
2002-09,0.5465,0.9806,0.4702,1.5563,3.3548,1.5761,8.2770,7.5752,7.7999,48.4625,121.0780,1211.6050,3.8000,10.0708,7.5018,9.3400,10.5967,1.7682,96.2070,1.4931,34.5730,42.8933,1.4584
2002-10,0.5502,0.9812,0.4818,1.5575,3.7966,1.5780,8.2772,7.5732,7.7995,48.3882,123.9077,1240.1909,3.8000,10.0941,7.4873,9.2846,10.3058,1.7843,96.4023,1.4932,34.9468,43.6405,1.4405
2002-11,0.5613,1.0013,0.4973,1.5711,3.5924,1.5715,8.2772,7.4201,7.7994,48.2853,121.6079,1210.2000,3.8000,10.1952,7.3157,9.0652,9.6509,1.7653,96.4263,1.4658,34.6732,43.3526,1.3586
2002-12,0.5624,1.0194,0.5108,1.5863,3.6268,1.5592,8.2777,7.2874,7.7988,48.1495,121.8929,1206.6143,3.8000,10.2251,7.1557,8.9303,8.9479,1.7532,96.7048,1.4388,34.7990,43.3181,1.3283
2003-01,0.5829,1.0622,0.5398,1.6175,3.4375,1.5414,8.2775,6.9980,7.7994,47.9571,118.8133,1176.4524,3.8000,10.6223,6.9138,8.6368,8.6949,1.7363,96.8133,1.3765,34.5714,42.7733,1.7145
2003-02,0.5956,1.0785,0.5539,1.6079,3.5955,1.5121,8.2780,6.8920,7.7995,47.7474,119.3379,1190.3684,3.8000,10.9447,7.0004,8.4837,8.2858,1.7451,96.8795,1.3602,34.7342,42.8966,1.6511
2003-03,0.6015,1.0797,0.5537,1.5825,3.4567,1.4761,8.2773,6.8807,7.7991,47.6767,118.6871,1237.2000,3.8000,10.9053,7.2760,8.5440,8.0506,1.7551,96.9433,1.3614,34.7216,42.7829,1.6000
2003-04,0.6100,1.0862,0.5518,1.5739,3.1090,1.4582,8.2772,6.8381,7.7996,47.3909,119.8950,1231.1045,3.8000,10.5887,7.2032,8.4314,7.6634,1.7771,97.0036,1.3783,34.8239,42.9286,1.6000
2003-05,0.6468,1.1556,0.5756,1.6224,2.9517,1.3840,8.2769,6.4268,7.7991,47.1100,117.3681,1201.2333,3.8000,10.2528,6.8145,7.9213,7.6604,1.7357,97.2305,1.3111,34.6970,42.2171,1.6000
2003-06,0.6652,1.1674,0.5815,1.6609,2.8887,1.3525,8.2771,6.3620,7.7988,46.6995,118.3290,1194.1429,3.8000,10.5028,7.0093,7.8116,7.8588,1.7351,97.2362,1.3196,34.6329,41.6752,1.6000
2003-07,0.6607,1.1365,0.5864,1.6221,2.8833,1.3821,8.2773,6.5425,7.7992,46.2200,118.6959,1181.1636,3.8000,10.4581,7.2924,8.0929,7.5458,1.7551,97.1527,1.3611,34.3968,41.8077,1.6000
2003-08,0.6518,1.1155,0.5829,1.5939,3.0053,1.3963,8.2770,6.6653,7.7993,45.9557,118.6624,1178.6000,3.8000,10.7830,7.4096,8.2821,7.3945,1.7533,96.9748,1.3811,34.3181,41.6564,1.6000
2003-09,0.6635,1.1267,0.5843,1.6155,2.9204,1.3634,8.2772,6.5953,7.7850,45.8467,114.8000,1165.4048,3.8000,10.9229,7.2782,8.0426,7.3060,1.7466,95.2843,1.3743,33.9948,40.4829,1.6000
2003-10,0.6948,1.1714,0.6020,1.6792,2.8628,1.3221,8.2768,6.3449,7.7427,45.4036,109.4955,1169.3409,3.8000,11.1796,7.0331,7.6957,6.9644,1.7345,94.5595,1.3222,33.8745,39.7605,1.6000
2003-11,0.7158,1.1710,0.6285,1.6897,2.9150,1.3130,8.2769,6.3526,7.7637,45.5544,109.1778,1186.3889,3.8000,11.1494,7.0054,7.6799,6.7205,1.7282,96.0106,1.3318,34.0361,39.9350,1.6000
2003-12,0.7391,1.2298,0.6471,1.7516,2.9255,1.3128,8.2770,6.0537,7.7645,45.5741,107.7377,1192.3364,3.8000,11.2515,6.7128,7.3395,6.5374,1.7107,96.4132,1.2643,34.0564,39.7450,1.5999
2004-01,0.7717,1.2638,0.6738,1.8255,2.8533,1.2958,8.2770,5.8952,7.7663,45.4560,106.2685,1183.3450,3.8000,10.9203,6.8117,7.2334,6.9398,1.6965,98.0090,1.2391,33.6685,39.1241,1.6000
2004-02,0.7770,1.2640,0.6916,1.8673,2.9342,1.3299,8.2771,5.8956,7.7748,45.2726,106.7079,1167.5316,3.8000,11.0319,6.9508,7.2630,6.7542,1.6869,98.5074,1.2448,33.2137,39.1158,1.8189
2004-03,0.7496,1.2261,0.6607,1.8261,2.9067,1.3286,8.2771,6.0757,7.7930,44.9693,108.5157,1166.2870,3.8000,11.0190,6.9598,7.5322,6.6140,1.6996,97.5222,1.2778,33.2522,39.4696,1.9200
2004-04,0.7443,1.1989,0.6415,1.8031,2.9079,1.3420,8.2769,6.2104,7.7970,43.8918,107.6564,1152.8636,3.8000,11.2701,6.9263,7.6496,6.5747,1.6849,98.1323,1.2969,32.9705,39.4527,1.9200
2004-05,0.7039,1.2000,0.6151,1.7860,3.1023,1.3789,8.2771,6.2021,7.7971,45.1755,112.1960,1177.8750,3.8000,11.5199,6.8428,7.6097,6.7996,1.7124,98.9288,1.2839,33.4442,40.5600,1.9198
2004-06,0.6937,1.2146,0.6284,1.8279,3.1293,1.3578,8.2767,6.1220,7.7980,45.5027,109.4336,1159.0227,3.8000,11.3926,6.8279,7.5323,6.4216,1.7136,100.9300,1.2503,33.5677,40.8268,1.9200
2004-07,0.7161,1.2266,0.6467,1.8438,3.0384,1.3225,8.2767,6.0631,7.8000,46.0557,109.4871,1158.7000,3.8000,11.4678,6.9126,7.5027,6.1350,1.7121,102.9981,1.2452,33.8062,40.9819,1.9200
2004-08,0.7111,1.2191,0.6561,1.8203,3.0018,1.3127,8.2768,6.1007,7.7997,46.3220,110.2336,1158.0318,3.8000,11.3953,6.8369,7.5362,6.4667,1.7145,103.4364,1.2623,34.0232,41.5208,1.9200
2004-09,0.7028,1.2224,0.6594,1.7937,2.8914,1.2881,8.2767,6.0866,7.7995,46.0548,110.0914,1148.7190,3.8000,11.4870,6.8416,7.4356,6.5349,1.6948,103.3257,1.2629,33.8929,41.4738,1.9200
2004-10,0.7337,1.2507,0.6846,1.8077,2.8520,1.2469,8.2765,5.9486,7.7889,45.7355,108.7835,1141.5700,3.8000,11.4037,6.5809,7.2453,6.3815,1.6767,103.8845,1.2330,33.7748,41.2935,1.9181
2004-11,0.7704,1.2997,0.7009,1.8607,2.7877,1.1968,8.2765,5.7178,7.7755,45.0325,104.6990,1086.4350,3.8000,11.3710,6.2700,6.9257,6.0305,1.6505,104.6320,1.1711,32.7770,40.2818,1.9152
2004-12,0.7675,1.3406,0.7149,1.9286,2.7150,1.2189,8.2765,5.5449,7.7760,43.8470,103.8104,1050.3739,3.8000,11.2012,6.1355,6.6969,5.7235,1.6402,104.7483,1.1465,32.1703,39.1835,1.9152
2005-01,0.7668,1.3123,0.7065,1.8797,2.6895,1.2248,8.2765,5.6699,7.7948,43.6150,103.3410,1037.9825,3.8000,11.2627,6.2672,6.8991,5.9587,1.6377,98.9288,1.1792,31.8465,38.7393,1.9152
2005-02,0.7812,1.3013,0.7155,1.8871,2.5971,1.2401,8.2765,5.7195,7.7994,43.5758,104.9442,1023.1105,3.8000,11.1373,6.3960,6.9800,6.0001,1.6381,99.2726,1.1918,31.4976,38.4462,1.9152
2005-03,0.7848,1.3185,0.7300,1.9043,2.7061,1.2160,8.2765,5.6488,7.7994,43.5861,105.2543,1007.7761,3.8000,11.1552,6.2116,6.8954,6.0328,1.6308,99.3896,1.1756,31.1055,38.5939,2.1247
2005-04,0.7738,1.2943,0.7209,1.8961,2.5760,1.2359,8.2765,5.7554,7.7984,43.6419,107.1938,1010.0667,3.8000,11.1121,6.3147,7.0814,6.1469,1.6511,99.6710,1.1954,31.4800,39.5214,2.1446
2005-05,0.7663,1.2697,0.7191,1.8559,2.4554,1.2555,8.2765,5.8628,7.7914,43.4095,106.5952,1001.8386,3.8000,10.9764,6.3656,7.2382,6.3267,1.6507,99.7910,1.2172,31.2652,39.8005,2.1446
2005-06,0.7667,1.2155,0.7083,1.8177,2.4148,1.2402,8.2765,6.1247,7.7755,43.5245,108.7473,1012.4600,3.8000,10.8197,6.4936,7.6229,6.7396,1.6723,99.9455,1.2665,31.3473,40.9168,2.1446
2005-07,0.7524,1.2041,0.6789,1.7507,2.3702,1.2229,8.2264,6.1943,7.7751,43.4340,111.9535,1036.5600,3.7872,10.6724,6.5783,7.8263,6.6966,1.6815,100.2830,1.2945,31.8855,41.6995,2.1446
2005-08,0.7614,1.2295,0.6956,1.7944,2.3609,1.2043,8.1017,6.0665,7.7709,43.5500,110.6065,1021.6804,3.7589,10.6862,6.4367,7.5951,6.4599,1.6623,100.7383,1.2629,32.0757,41.1317,2.1446
2005-09,0.7651,1.2234,0.6987,1.8064,2.2949,1.1777,8.0919,6.0973,7.7618,43.8462,111.2390,1029.8433,3.7689,10.7858,6.3830,7.6300,6.3661,1.6820,101.3324,1.2671,32.9248,41.0405,2.1446
2005-10,0.7535,1.2022,0.6983,1.7651,2.2536,1.1774,8.0895,6.2064,7.7559,44.7575,114.8695,1045.8775,3.7735,10.8354,6.5103,7.8433,6.5878,1.6915,101.4845,1.2880,33.4675,40.8950,2.1446
2005-11,0.7353,1.1789,0.6897,1.7349,2.2109,1.1815,8.0840,6.3277,7.7538,45.6315,118.4540,1040.7600,3.7782,10.6715,6.6399,8.1157,6.6554,1.6981,101.7995,1.3110,33.5800,41.0970,2.1447
2005-12,0.7423,1.1861,0.6947,1.7458,2.2809,1.1615,8.0755,6.2844,7.7531,45.5633,118.4624,1022.3810,3.7780,10.6266,6.7242,7.9518,6.3480,1.6738,101.9767,1.3053,33.2861,41.0757,2.1446
2006-01,0.7505,1.2126,0.6872,1.7686,2.2666,1.1572,8.0654,6.1530,7.7537,44.2010,115.4765,981.4350,3.7530,10.5422,6.6287,7.6697,6.0760,1.6310,102.0160,1.2773,32.0350,39.5185,2.1446
2006-02,0.7418,1.1940,0.6735,1.7480,2.1587,1.1489,8.0512,6.2514,7.7593,44.2300,117.8605,969.8447,3.7276,10.4842,6.7526,7.8226,6.1153,1.6286,102.1942,1.3052,32.3189,39.3432,2.1446
2006-03,0.7266,1.2028,0.6342,1.7442,2.1528,1.1573,8.0350,6.2025,7.7591,44.3378,117.2778,974.7109,3.7040,10.7493,6.6317,7.8109,6.2436,1.6211,102.6478,1.3050,32.4587,38.9470,2.1446
2006-04,0.7369,1.2273,0.6220,1.7680,2.1281,1.1441,8.0143,6.0798,7.7561,44.8245,117.0695,952.5950,3.6626,11.0489,6.3922,7.6005,6.0811,1.6008,102.6345,1.2830,32.2880,37.9520,2.1446
2006-05,0.7639,1.2767,0.6311,1.8687,2.1697,1.1100,8.0131,5.8398,7.7538,45.1959,111.7305,940.8168,3.6091,11.0908,6.1040,7.3050,6.3128,1.5755,102.8382,1.2190,31.7368,37.9468,2.1445
2006-06,0.7399,1.2661,0.6190,1.8435,2.2493,1.1137,8.0042,5.8897,7.7636,45.8886,114.6250,954.4500,3.6638,11.3934,6.2070,7.2949,6.9738,1.5912,103.5245,1.2321,32.4395,38.3486,2.1446
2006-07,0.7528,1.2681,0.6178,1.8443,2.1883,1.1294,7.9897,5.8826,7.7734,46.3675,115.7670,950.8100,3.6679,10.9830,6.2617,7.2654,7.0688,1.5837,103.9565,1.2376,32.6170,37.9690,2.1446
2006-08,0.7631,1.2810,0.6348,1.8941,2.1553,1.1182,7.9722,5.8236,7.7762,46.4461,115.9243,960.9522,3.6730,10.8735,6.2423,7.1890,6.9503,1.5754,103.6691,1.2318,32.7609,37.5870,2.1446
2006-09,0.7549,1.2722,0.6551,1.8839,2.1679,1.1161,7.9334,5.8633,7.7825,46.0105,117.2145,952.2900,3.6699,10.9888,6.5008,7.2844,7.4465,1.5803,102.5950,1.2455,32.9035,37.4270,2.1446
2006-10,0.7544,1.2617,0.6621,1.8765,2.1458,1.1285,7.9018,5.9085,7.7849,45.3552,118.6090,952.6429,3.6762,10.8854,6.6591,7.3338,7.6300,1.5775,105.7181,1.2602,33.1938,37.2814,2.1446
2006-11,0.7728,1.2888,0.6693,1.9125,2.1555,1.1359,7.8622,5.7858,7.7816,44.7257,117.3205,935.4143,3.6413,10.9133,6.3991,7.0612,7.2455,1.5558,107.7200,1.2356,32.8081,36.5010,2.1446
2006-12,0.7858,1.3205,0.6933,1.9629,2.1476,1.1532,7.8219,5.6452,7.7733,44.4835,117.3220,924.9800,3.5477,10.8546,6.1826,6.8398,7.0345,1.5401,107.7905,1.2099,32.5115,35.6940,2.1446
2007-01,0.7826,1.2993,0.6947,1.9587,2.1376,1.1763,7.7876,5.7364,7.8000,44.2062,120.4471,936.7619,3.5065,10.9559,6.3656,6.9901,7.1898,1.5373,108.5219,1.2431,32.7695,35.1890,2.1446
2007-02,0.7830,1.3080,0.6934,1.9589,2.0939,1.1710,7.7502,5.6981,7.8114,44.0195,120.5047,936.9000,3.4949,10.9951,6.1860,7.0200,7.1755,1.5333,108.6842,1.2393,32.9684,33.8884,2.1446
2007-03,0.7932,1.3246,0.6995,1.9474,2.0883,1.1682,7.7369,5.6232,7.8132,43.7936,117.2600,942.8841,3.4894,11.1144,6.1401,7.0171,7.3525,1.5242,109.2941,1.2178,33.0095,32.6423,2.1446
2007-04,0.8273,1.3513,0.7345,1.9879,2.0302,1.1350,7.7247,5.5155,7.8154,42.0176,118.9324,930.6905,3.4364,10.9802,6.0098,6.8371,7.1026,1.5150,109.3595,1.2124,33.1452,32.4210,2.1446
2007-05,0.8254,1.3518,0.7334,1.9842,1.9836,1.0951,7.6773,5.5120,7.8187,40.5686,120.7732,927.5636,3.4002,10.8221,6.0220,6.8094,7.0148,1.5231,110.7995,1.2211,33.2777,32.8177,2.1446
2007-06,0.8423,1.3421,0.7570,1.9867,1.9323,1.0651,7.6333,5.5463,7.8142,40.5905,122.6886,927.8667,3.4444,10.8330,5.9980,6.9485,7.1515,1.5367,110.9662,1.2330,32.9743,32.3176,2.1446
2007-07,0.8677,1.3726,0.7862,2.0355,1.8812,1.0502,7.5757,5.4199,7.8197,40.2738,121.4148,918.1190,3.4397,10.8146,5.7807,6.6933,6.9730,1.5156,111.6724,1.2069,32.8095,30.3867,2.1446
2007-08,0.8291,1.3626,0.7259,2.0110,1.9620,1.0579,7.5734,5.4621,7.8155,40.6791,116.7335,934.4848,3.4826,11.0438,5.8492,6.8429,7.2153,1.5226,112.1839,1.2027,32.9617,31.7961,2.1446
2007-09,0.8461,1.3910,0.7188,2.0184,1.9023,1.0267,7.5210,5.3563,7.7824,40.1735,115.0435,928.5950,3.4691,11.0319,5.6256,6.6713,7.1007,1.5110,113.3415,1.1852,33.0100,32.0565,2.1446
2007-10,0.8996,1.4233,0.7603,2.0449,1.7987,0.9754,7.5019,5.2363,7.7545,39.3661,115.8661,914.9435,3.3735,10.8214,5.4023,6.4439,6.7574,1.4650,112.8583,1.1741,32.5473,31.5248,2.1446
2007-11,0.8961,1.4683,0.7631,2.0701,1.7669,0.9672,7.4210,5.0766,7.7774,39.3267,111.0729,918.8095,3.3588,10.8811,5.4156,6.3242,6.7049,1.4466,110.4181,1.1233,32.3275,31.3476,2.1446
2007-12,0.8719,1.4559,0.7690,2.0161,1.7852,1.0021,7.3682,5.1235,7.7983,39.3750,112.4490,931.0950,3.3324,10.8463,5.5000,6.4764,6.8376,1.4487,108.8910,1.1402,32.4115,30.1580,2.1446
2008-01,0.8823,1.4728,0.7740,1.9702,1.7710,1.0099,7.2405,5.0575,7.8044,39.2676,107.8181,942.0571,3.2653,10.9057,5.3993,6.3978,6.9962,1.4299,108.1557,1.1006,32.3586,30.3048,2.1446
2008-02,0.9133,1.4759,0.7969,1.9646,1.7290,0.9986,7.1644,5.0507,7.7963,39.6735,107.0300,944.0050,3.2216,10.7679,5.3851,6.3450,7.6578,1.4106,107.8270,1.0890,31.6125,31.1740,2.1446
2008-03,0.9221,1.5520,0.8004,2.0015,1.7090,1.0029,7.0722,4.8043,7.7813,40.1452,100.7562,981.7348,3.1841,10.7328,5.1495,6.0613,7.9921,1.3843,107.6838,1.0126,30.5771,31.4043,2.1446
2008-04,0.9309,1.5754,0.7897,1.9816,1.6863,1.0137,6.9997,4.7354,7.7910,39.9668,102.6777,986.8636,3.1604,10.5146,5.0541,5.9470,7.7585,1.3643,107.7791,1.0138,30.3555,31.5582,2.1446
2008-05,0.9492,1.5554,0.7777,1.9650,1.6585,0.9993,6.9725,4.7963,7.7988,42.0019,104.3595,1034.1333,3.2127,10.4381,5.0571,5.9887,7.6076,1.3659,107.7705,1.0448,30.5890,32.0262,2.1446
2008-06,0.9511,1.5562,0.7616,1.9664,1.6179,1.0166,6.8993,4.7926,7.8073,42.7633,106.9152,1031.4857,3.2568,10.3269,5.1351,6.0249,7.9367,1.3679,107.7633,1.0371,30.3705,33.1752,2.1446
2008-07,0.9620,1.5759,0.7546,1.9888,1.5900,1.0130,6.8355,4.7335,7.8001,42.7027,106.8518,1015.0545,3.2476,10.2094,5.1058,6.0015,7.6114,1.3591,107.6086,1.0283,30.4141,33.4705,2.1446
2008-08,0.8815,1.4955,0.7091,1.8865,1.6127,1.0535,6.8462,4.9894,7.8076,42.9057,109.3624,1046.1143,3.3300,10.1154,5.3331,6.2845,7.6651,1.4052,107.7181,1.0841,31.2205,33.8195,2.1446
2008-09,0.8168,1.4342,0.6739,1.7973,1.8031,1.0582,6.8307,5.2020,7.7854,45.5300,106.5748,1134.8667,3.4405,10.6633,5.6958,6.6816,8.0753,1.4297,107.8233,1.1102,31.9924,34.2381,2.1446
2008-10,0.6870,1.3266,0.6077,1.6862,2.1810,1.1847,6.8358,5.6253,7.7588,48.6155,99.9659,1329.1877,3.5222,12.6593,6.4973,7.4435,9.7800,1.4784,108.1661,1.1429,32.7025,34.4209,2.1446
2008-11,0.6591,1.2744,0.5664,1.5327,2.2704,1.2171,6.8281,5.8448,7.7507,48.8517,96.9656,1398.7044,3.5843,13.1186,6.9290,7.9612,10.1112,1.5076,109.9594,1.1910,33.1028,35.0350,2.1446
2008-12,0.6719,1.3511,0.5597,1.4854,2.3954,1.2337,6.8539,5.5239,7.7504,48.5132,91.2750,1361.5727,3.5483,13.4167,7.0159,8.0124,9.9227,1.4769,111.4464,1.1404,33.1555,35.0086,2.1446
2009-01,0.6754,1.3244,0.5510,1.4462,2.3079,1.2248,6.8360,5.6284,7.7563,48.6995,90.1205,1354.3975,3.5705,13.8839,6.9566,8.1044,9.9076,1.4913,113.7685,1.1267,33.3695,34.8710,2.1446
2009-02,0.6504,1.2797,0.5160,1.4422,2.3230,1.2452,6.8363,5.8226,7.7534,49.2484,92.9158,1439.5842,3.6345,14.6066,6.8710,8.5455,9.9773,1.5178,114.1026,1.1639,34.2389,35.3089,2.1446
2009-03,0.6666,1.3050,0.5336,1.4170,2.3161,1.2645,6.8360,5.7137,7.7530,51.1291,97.8550,1449.6159,3.6726,14.6466,6.7855,8.5727,9.9536,1.5296,114.2836,1.1555,34.3041,35.7368,2.1446
2009-04,0.7158,1.3199,0.5729,1.4712,2.2027,1.2242,6.8306,5.6437,7.7501,49.9655,98.9200,1332.1250,3.6053,13.4035,6.6557,8.2297,8.9644,1.5028,117.3068,1.1481,33.6009,35.4036,2.1446
2009-05,0.7648,1.3646,0.6014,1.5418,2.0689,1.1528,6.8235,5.4585,7.7510,48.5100,96.6445,1254.3450,3.5218,13.1895,6.4504,7.7602,8.3741,1.4611,116.6720,1.1076,32.8695,34.6240,2.1446
2009-06,0.8025,1.4014,0.6386,1.6369,1.9586,1.1264,6.8334,5.3123,7.7505,47.6736,96.6145,1259.2932,3.5156,13.3414,6.3915,7.7670,8.0332,1.4522,114.8105,1.0809,32.7700,34.1036,2.1446
2009-07,0.8049,1.4092,0.6444,1.6378,1.9328,1.1229,6.8317,5.2837,7.7500,48.3624,94.3670,1259.6739,3.5443,13.3623,6.3566,7.6843,7.9446,1.4493,114.8002,1.0780,32.8745,34.0313,2.1446
2009-08,0.8353,1.4266,0.6766,1.6532,1.8453,1.0872,6.8323,5.2174,7.7506,48.2426,94.8971,1238.9952,3.5156,13.0063,6.0705,7.1562,7.9406,1.4420,114.7148,1.0683,32.8564,34.0076,2.1446
2009-09,0.8622,1.4575,0.7046,1.6323,1.8187,1.0816,6.8277,5.1065,7.7503,48.2924,91.2748,1211.8643,3.4899,13.4060,5.9006,6.9941,7.5025,1.4220,114.7667,1.0391,32.5333,33.7876,2.1446
2009-10,0.9067,1.4821,0.7386,1.6212,1.7378,1.0547,6.8267,5.0220,7.7497,46.6524,90.3671,1173.7405,3.4016,13.2275,5.6428,6.9550,7.4871,1.3974,114.7838,1.0213,32.2910,33.3900,2.1446
2009-11,0.9197,1.4908,0.7301,1.6599,1.7268,1.0593,6.8271,4.9914,7.7497,46.5305,89.2674,1162.8368,3.3886,13.1115,5.6430,6.9267,7.5096,1.3888,114.4853,1.0131,32.3189,33.2621,2.1430
2009-12,0.9021,1.4579,0.7169,1.6226,1.7508,1.0537,6.8275,5.1060,7.7526,46.5273,89.9509,1163.3109,3.4099,12.8622,5.7708,7.1384,7.4848,1.3962,114.2836,1.0301,32.2459,33.2045,2.1446
2010-01,0.9127,1.4266,0.7263,1.6158,1.7817,1.0438,6.8269,5.2177,7.7624,45.8944,91.1011,1138.1947,3.3750,12.8096,5.7402,7.1534,7.4631,1.3965,114.3589,1.0345,31.8658,33.0274,3.6137
2010-02,0.8857,1.3680,0.6973,1.5618,1.8420,1.0572,6.8285,5.4414,7.7670,46.2732,90.1395,1155.6553,3.4139,12.9396,5.9182,7.2683,7.6680,1.4122,114.5079,1.0722,32.0621,33.1221,4.2893
2010-03,0.9123,1.3570,0.7036,1.5058,1.7855,1.0229,6.8262,5.4837,7.7612,45.4509,90.7161,1136.0822,3.3205,12.5673,5.9204,7.1630,7.4057,1.3994,114.1039,1.0666,31.8291,32.4913,4.2893
2010-04,0.9262,1.3417,0.7122,1.5332,1.7568,1.0052,6.8256,5.5472,7.7627,44.4440,93.4527,1115.4591,3.2044,12.2396,5.9169,7.2026,7.3444,1.3817,113.8286,1.0690,31.4767,32.2686,4.2893
2010-05,0.8713,1.2563,0.6984,1.4669,1.8142,1.0403,6.8275,5.9253,7.7856,45.7690,91.9730,1164.8410,3.2509,12.7262,6.2872,7.7042,7.6515,1.3940,113.7025,1.1295,31.8345,32.3650,4.2893
2010-06,0.8539,1.2223,0.6926,1.4768,1.8042,1.0376,6.8184,6.0873,7.7880,46.4983,90.8059,1214.1114,3.2633,12.7102,6.4728,7.8261,7.6356,1.3976,113.5605,1.1255,32.1988,32.4459,4.2893
2010-07,0.8786,1.2811,0.7145,1.5304,1.7689,1.0422,6.7762,5.8179,7.7753,46.7617,87.5005,1203.8095,3.2035,12.8038,6.2633,7.4066,7.5212,1.3756,112.9571,1.0530,32.0935,32.2895,4.2896
2010-08,0.9004,1.2903,0.7150,1.5661,1.7589,1.0404,6.7873,5.7745,7.7702,46.4605,85.3727,1179.5159,3.1516,12.7660,6.1481,7.3015,7.2877,1.3551,112.3968,1.0388,31.8695,31.7173,4.2897
2010-09,0.9398,1.3103,0.7288,1.5591,1.7180,1.0330,6.7396,5.6867,7.7643,45.8729,84.3571,1159.9310,3.1032,12.7977,6.0431,7.0397,7.1100,1.3333,112.3029,1.0002,31.6410,30.7771,4.2893
2010-10,0.9818,1.3901,0.7520,1.5867,1.6837,1.0179,6.6678,5.3638,7.7580,44.3540,81.7285,1121.9400,3.0989,12.4393,5.8322,6.6770,6.9087,1.3026,111.6670,0.9686,30.8130,29.9205,4.2893
2010-11,0.9889,1.3654,0.7723,1.5961,1.7131,1.0129,6.6538,5.4617,7.7546,44.9315,82.5180,1129.6230,3.1132,12.3376,5.9645,6.8201,6.9749,1.2987,111.5155,0.9847,30.3180,29.8690,4.2893
2010-12,0.9929,1.3221,0.7511,1.5595,1.6955,1.0081,6.6497,5.6366,7.7736,45.1000,83.3376,1145.4833,3.1283,12.3902,5.9833,6.8524,6.8237,1.3063,111.0081,0.9689,29.9014,30.0857,4.2893
2011-01,0.9962,1.3371,0.7656,1.5782,1.6745,0.9939,6.5964,5.5749,7.7803,45.3750,82.6250,1118.8675,3.0595,12.1280,5.8561,6.6673,6.9239,1.2863,110.8200,0.9565,29.1105,30.5455,4.2898
2011-02,1.0084,1.3656,0.7620,1.6124,1.6664,0.9876,6.5761,5.4596,7.7895,45.3795,82.5368,1117.4368,3.0453,12.0649,5.7319,6.4342,7.1844,1.2757,110.8074,0.9500,29.2779,30.6953,4.2893
2011-03,1.0113,1.4020,0.7423,1.6159,1.6574,0.9766,6.5645,5.3191,7.7913,44.9143,81.6470,1119.2674,3.0341,11.9963,5.5913,6.3493,6.8976,1.2678,110.3022,0.9185,29.4930,30.3330,4.2893
2011-04,1.0588,1.4460,0.7894,1.6379,1.5833,0.9580,6.5267,5.1577,7.7716,44.3010,83.1771,1083.1762,3.0101,11.7059,5.4015,6.1990,6.7209,1.2463,110.2129,0.8972,28.9824,30.0424,4.2893
2011-05,1.0675,1.4335,0.7959,1.6332,1.6136,0.9680,6.4957,5.2030,7.7742,44.9024,81.1257,1084.3619,3.0127,11.6542,5.4766,6.2526,6.8556,1.2387,109.7629,0.8740,28.7262,30.2210,4.2893
2011-06,1.0617,1.4403,0.8157,1.6219,1.5854,0.9766,6.4746,5.1782,7.7850,44.8109,80.4259,1080.4523,3.0269,11.8055,5.4366,6.3273,6.7859,1.2336,109.5391,0.8401,28.8118,30.4995,4.2893
2011-07,1.0781,1.4275,0.8480,1.6158,1.5625,0.9553,6.4575,5.2230,7.7892,44.3960,79.2425,1057.4250,2.9924,11.6741,5.4502,6.3957,6.7871,1.2158,109.4570,0.8214,28.8350,30.0475,4.2893
2011-08,1.0502,1.4333,0.8379,1.6356,1.5966,0.9817,6.4036,5.1973,7.7965,45.3135,76.9657,1073.8870,2.9824,12.2366,5.4353,6.3970,7.0871,1.2089,109.7139,0.7800,28.9674,29.8735,4.2893
2011-09,1.0220,1.3747,0.8119,1.5771,1.7492,1.0025,6.3885,5.4170,7.7943,47.6905,76.7957,1121.9095,3.0838,13.0637,5.6257,6.6460,7.5769,1.2537,110.0529,0.8767,29.7395,30.4571,4.2893
2011-10,1.0168,1.3732,0.7912,1.5768,1.7703,1.0198,6.3710,5.4225,7.7774,49.2020,76.6430,1150.6850,3.1336,13.4379,5.6405,6.6396,7.9540,1.2757,110.0875,0.8958,30.2590,30.8395,4.2893
2011-11,1.0112,1.3558,0.7714,1.5806,1.7864,1.0248,6.3564,5.4886,7.7809,50.6785,77.5595,1133.4775,3.1521,13.6955,5.7405,6.7377,8.1493,1.2886,111.2205,0.9079,30.2215,30.9315,4.2893
2011-12,1.0122,1.3155,0.7699,1.5587,1.8391,1.0235,6.3482,5.6521,7.7767,52.3824,77.7967,1148.1262,3.1590,13.7746,5.8912,6.8553,8.1933,1.2954,113.8067,0.9334,30.2505,31.1743,4.2893
2012-01,1.0415,1.2910,0.8015,1.5524,1.7850,1.0130,6.3172,5.7599,7.7622,51.0015,76.9640,1140.3275,3.1092,13.3829,5.9424,6.8463,8.0025,1.2777,113.8195,0.9376,29.9900,31.5060,4.2893
2012-02,1.0732,1.3238,0.8349,1.5804,1.7168,0.9967,6.2997,5.6156,7.7544,49.1812,78.4700,1122.6900,3.0220,12.7833,5.7097,6.6619,7.6388,1.2535,117.2810,0.9118,29.5340,30.6850,4.2896
2012-03,1.0526,1.3208,0.8201,1.5824,1.7953,0.9938,6.3125,5.6294,7.7620,50.3635,82.4659,1126.1700,3.0444,12.7523,5.7074,6.7319,7.6071,1.2590,125.6605,0.9131,29.5158,30.7036,4.2895
2012-04,1.0350,1.3160,0.8180,1.6000,1.8522,0.9928,6.3043,5.6529,7.7621,51.6900,81.2524,1135.0238,3.0586,13.0559,5.7521,6.7359,7.8329,1.2510,128.4248,0.9133,29.4433,30.8614,4.2893
2012-05,0.9980,1.2806,0.7748,1.5924,1.9810,1.0097,6.3242,5.8061,7.7640,54.3314,79.6668,1156.6914,3.0978,13.6199,5.9151,7.0280,8.1506,1.2620,129.0045,0.9383,29.4668,31.2850,4.2893
2012-06,0.9986,1.2541,0.7806,1.5556,2.0482,1.0280,6.3633,5.9266,7.7590,55.9424,79.3152,1163.3886,3.1783,13.9193,6.0146,7.0746,8.3818,1.2784,131.8519,0.9576,29.9052,31.6152,4.2893
2012-07,1.0300,1.2278,0.7986,1.5593,2.0296,1.0142,6.3717,6.0590,7.7561,55.4248,78.9348,1142.2781,3.1653,13.3638,6.0690,6.9504,8.2535,1.2603,132.4848,0.9783,29.9729,31.6181,4.2893
2012-08,1.0475,1.2406,0.8104,1.5722,2.0279,0.9924,6.3593,6.0015,7.7562,55.4935,78.6909,1131.7457,3.1153,13.1793,5.9012,6.6758,8.2596,1.2480,131.9896,0.9681,29.9426,31.3970,4.2893
2012-09,1.0406,1.2885,0.8199,1.6126,2.0269,0.9783,6.3200,5.7855,7.7540,54.3500,78.1353,1122.9911,3.0758,12.9235,5.7467,6.5960,8.2574,1.2303,131.5105,0.9386,29.4763,30.9442,4.2893
2012-10,1.0298,1.2974,0.8197,1.6080,2.0297,0.9872,6.2627,5.7486,7.7515,53.0995,79.0132,1105.3823,3.0524,12.8976,5.7078,6.6400,8.6424,1.2237,129.0859,0.9323,29.2418,30.6764,4.2893
2012-11,1.0405,1.2837,0.8195,1.5968,2.0662,0.9970,6.2338,5.8100,7.7505,54.7845,81.0305,1086.9525,3.0555,13.0639,5.7180,6.7059,8.7994,1.2232,130.2340,0.9388,29.1145,30.6945,4.2893
2012-12,1.0465,1.3119,0.8312,1.6145,2.0775,0.9898,6.2328,5.6864,7.7501,54.6470,83.7905,1075.2225,3.0537,12.8651,5.6103,6.5936,8.6116,1.2204,128.0360,0.9213,29.0445,30.6155,4.2893
2013-01,1.0500,1.3304,0.8370,1.5965,2.0281,0.9921,6.2215,5.6087,7.7530,54.2290,89.0581,1066.5205,3.0407,12.6964,5.5500,6.4801,8.7978,1.2282,126.7200,0.9234,29.1000,30.0410,4.2893
2013-02,1.0310,1.3347,0.8385,1.5474,1.9729,1.0098,6.2323,5.5894,7.7552,53.8079,93.0016,1087.3084,3.0964,12.7249,5.5648,6.3756,8.8766,1.2382,126.7342,0.9212,29.6321,29.8105,5.6554
2013-03,1.0345,1.2953,0.8284,1.5080,1.9842,1.0244,6.2154,5.7552,7.7592,54.4229,94.7700,1102.8710,3.1074,12.5000,5.7806,6.4455,9.1927,1.2466,126.7005,0.9466,29.7448,29.4948,6.2842
2013-04,1.0380,1.3025,0.8479,1.5311,2.0011,1.0187,6.1861,5.7235,7.7631,54.3236,97.7582,1120.8977,3.0480,12.2061,5.7935,6.4867,9.1007,1.2380,125.9673,0.9366,29.8268,29.0573,6.2842
2013-05,0.9919,1.2983,0.8249,1.5297,2.0365,1.0196,6.1416,5.7410,7.7614,54.9845,100.9186,1111.4945,3.0188,12.2993,5.8202,6.5992,9.3494,1.2486,126.2432,0.9557,29.7755,29.7618,6.2842
2013-06,0.9440,1.3197,0.7904,1.5493,2.1734,1.0314,6.1342,5.6513,7.7602,58.3835,97.2350,1135.0085,3.1433,12.9636,5.8759,6.5848,10.0001,1.2595,127.9125,0.9331,29.9285,30.8160,6.2842
2013-07,0.9155,1.3088,0.7885,1.5179,2.2518,1.0402,6.1343,5.6983,7.7567,59.7609,99.6727,1125.0300,3.1916,12.7615,6.0246,6.6161,9.9133,1.2681,131.1345,0.9449,29.9373,31.1082,6.2842
2013-08,0.9037,1.3314,0.7916,1.5505,2.3408,1.0407,6.1213,5.6014,7.7553,62.8109,97.8123,1115.9418,3.2769,12.9120,5.9677,6.5365,10.0708,1.2724,131.9682,0.9261,29.9414,31.5645,6.2842
2013-09,0.9303,1.3364,0.8163,1.5885,2.2641,1.0342,6.1198,5.5814,7.7543,63.6480,99.2100,1082.3115,3.2495,13.0553,5.9662,6.4896,9.9616,1.2622,132.3465,0.9231,29.6225,31.6345,6.2842
2013-10,0.9519,1.3646,0.8345,1.6098,2.1882,1.0363,6.1032,5.4662,7.7536,61.6059,97.7700,1065.8573,3.1734,12.9916,5.9491,6.4080,9.8979,1.2431,130.9955,0.9025,29.3768,31.1850,6.2842
2013-11,0.9324,1.3491,0.8259,1.6100,2.2959,1.0486,6.0929,5.5281,7.7523,62.5179,100.0737,1061.5637,3.1961,13.0597,6.0856,6.5863,10.2009,1.2476,131.0895,0.9129,29.5179,31.6242,6.2842
2013-12,0.8980,1.3708,0.8224,1.6383,2.3471,1.0639,6.0738,5.4418,7.7535,61.8110,103.4600,1055.6348,3.2491,13.0099,6.1342,6.5328,10.3683,1.2589,130.7643,0.8933,29.7233,32.3505,6.2842
2014-01,0.8858,1.3618,0.8275,1.6470,2.3858,1.0940,6.0509,5.4787,7.7578,62.1057,103.7614,1067.1267,3.3028,13.2220,6.1622,6.4862,10.8872,1.2726,130.6857,0.9038,30.1357,32.9262,6.2842
2014-02,0.8974,1.3665,0.8297,1.6558,2.3792,1.1054,6.0816,5.4606,7.7585,62.1642,102.1253,1071.3063,3.3068,13.2928,6.1147,6.4930,10.9506,1.2659,130.7968,0.8937,30.3063,32.6179,6.2842
2014-03,0.9089,1.3828,0.8539,1.6624,2.3251,1.1107,6.1729,5.3975,7.7612,60.9476,102.3395,1070.4910,3.2801,13.1929,5.9955,6.4114,10.7445,1.2672,130.5857,0.8805,30.3995,32.3619,6.2842
2014-04,0.9315,1.3810,0.8606,1.6748,2.2325,1.0992,6.2246,5.4056,7.7540,60.3464,102.4582,1042.6350,3.2539,13.0669,5.9790,6.5488,10.5364,1.2548,130.5936,0.8828,30.1927,32.2982,6.2842
2014-05,0.9305,1.3739,0.8605,1.6842,2.2195,1.0894,6.2380,5.4331,7.7523,59.2843,101.7738,1024.7867,3.2291,12.9330,5.9389,6.5719,10.4092,1.2514,130.3833,0.8883,30.1167,32.5257,6.2842
2014-06,0.9365,1.3595,0.8621,1.6908,2.2360,1.0830,6.2306,5.4861,7.7516,59.7367,102.0629,1018.7443,3.2175,12.9932,6.0437,6.6859,10.6766,1.2512,130.2714,0.8958,29.9900,32.4905,6.2842
2014-07,0.9389,1.3533,0.8687,1.7066,2.2242,1.0739,6.1984,5.5097,7.7502,60.0956,101.7400,1021.0341,3.1808,12.9914,6.1992,6.8189,10.6577,1.2427,130.2123,0.8978,29.9491,32.0864,6.2842
2014-08,0.9309,1.3315,0.8437,1.6700,2.2685,1.0926,6.1541,5.5987,7.7504,60.8738,102.9438,1024.5500,3.1766,13.1436,6.1935,6.8983,10.6632,1.2484,130.1748,0.9098,29.9729,32.0048,6.2842
2014-09,0.9042,1.2889,0.8134,1.6290,2.3379,1.1011,6.1382,5.7757,7.7526,60.8976,107.4257,1035.8914,3.2182,13.2370,6.3525,7.1302,10.9908,1.2638,130.2562,0.9370,30.1310,32.1971,6.2842
2014-10,0.8781,1.2677,0.7876,1.6074,2.4495,1.1212,6.1251,5.8723,7.7572,61.3668,108.0264,1060.3359,3.2677,13.4795,6.5600,7.2456,11.0594,1.2745,130.5618,0.9528,30.3964,32.4418,6.2842
2014-11,0.8644,1.2473,0.7834,1.5771,2.5527,1.1325,6.1249,5.9660,7.7543,61.6828,116.2994,1097.8728,3.3454,13.6148,6.8090,7.4155,11.0901,1.2964,130.9278,0.9642,30.7278,32.7878,6.2842
2014-12,0.8257,1.2329,0.7766,1.5644,2.6419,1.1532,6.1886,6.0351,7.7541,62.7071,119.3233,1102.6224,3.4768,14.5205,7.2772,7.6289,11.4975,1.3150,131.0786,0.9753,31.3519,32.8876,6.2842
2015-01,0.8064,1.1615,0.7628,1.5142,2.6346,1.2122,6.2181,6.4083,7.7531,62.1300,118.2500,1088.1300,3.5847,14.6972,7.6865,8.1131,11.5527,1.3378,131.6075,0.9443,31.6385,32.7280,6.2842
2015-02,0.7797,1.1350,0.7454,1.5329,2.8170,1.2499,6.2518,6.5636,7.7551,61.9905,118.7600,1101.4605,3.5972,14.9170,7.5861,8.3537,11.5773,1.3549,132.7221,0.9361,31.5537,32.5595,6.2842
2015-03,0.7724,1.0819,0.7460,1.4958,3.1414,1.2618,6.2386,6.8954,7.7584,62.4805,120.3945,1112.9005,3.6793,15.2375,7.9952,8.5448,12.0884,1.3770,132.9500,0.9798,31.4382,32.6245,6.2842
2015-04,0.7740,1.0822,0.7596,1.4968,3.0421,1.2337,6.2010,6.9011,7.7509,62.6414,119.5095,1084.6709,3.6320,15.1943,7.8774,8.6321,11.9755,1.3482,132.9227,0.9595,30.9709,32.5141,6.2842
2015-05,0.7891,1.1167,0.7383,1.5456,3.0562,1.2176,6.2035,6.6823,7.7527,63.7150,120.7980,1092.6365,3.5976,15.2796,7.5503,8.3350,11.9720,1.3344,133.4600,0.9316,30.6185,33.5200,6.2842
2015-06,0.7715,1.1226,0.6985,1.5576,3.1117,1.2365,6.2052,6.6460,7.7528,63.7809,123.7186,1112.8832,3.7371,15.4792,7.8111,8.2653,12.2913,1.3455,133.9382,0.9321,30.8982,33.7186,6.2842
2015-07,0.7407,1.0997,0.6650,1.5560,3.2288,1.2863,6.2085,6.7850,7.7514,63.6045,123.3109,1146.5468,3.8020,15.9515,8.1255,8.5325,12.4602,1.3616,133.6818,0.9547,31.1909,34.3518,6.2842
2015-08,0.7295,1.1136,0.6549,1.5578,3.5154,1.3147,6.3383,6.7035,7.7530,65.0971,123.0038,1178.1438,4.0623,16.5340,8.2524,8.5515,12.9012,1.3981,133.8519,0.9685,32.1914,35.3938,6.2842
2015-09,0.7059,1.1229,0.6339,1.5338,3.9032,1.3266,6.3676,6.6447,7.7501,66.1667,120.1476,1184.3300,4.3076,16.8387,8.2845,8.3659,13.6388,1.4148,139.2329,0.9725,32.6695,36.0114,6.2842
2015-10,0.7200,1.1228,0.6693,1.5343,3.8752,1.3072,6.3505,6.6453,7.7499,65.0262,120.0481,1143.1990,4.2557,16.5697,8.2700,8.3314,13.4928,1.4005,140.8510,0.9687,32.4367,35.6790,6.2842
2015-11,0.7146,1.0727,0.6554,1.5194,3.7858,1.3279,6.3640,6.9555,7.7506,66.1000,122.6432,1153.4721,4.3131,16.6306,8.6394,8.6829,14.1449,1.4143,141.9637,1.0098,32.6084,35.7784,6.2842
2015-12,0.7247,1.0889,0.6748,1.4981,3.8808,1.3713,6.4491,6.8530,7.7507,66.5023,121.6350,1169.9464,4.2791,17.0696,8.6971,8.4938,15.0024,1.4081,143.3350,0.9951,32.7905,35.9936,6.2842
2016-01,0.7011,1.0855,0.6534,1.4392,4.0556,1.4208,6.5726,6.8743,7.7812,67.3332,118.2258,1203.3179,4.3388,18.0648,8.8194,8.5483,16.3250,1.4325,143.5505,1.0082,33.4332,36.1226,6.2842
2016-02,0.7134,1.1092,0.6633,1.4290,3.9644,1.3797,6.5501,6.7287,7.7829,68.2395,114.6155,1216.2285,4.1780,18.4332,8.6127,8.4804,15.7622,1.4052,143.6390,0.9920,33.2385,35.5955,6.2842
2016-03,0.7504,1.1134,0.6745,1.4249,3.6980,1.3226,6.5027,6.6986,7.7604,66.8909,112.9317,1181.5730,4.0644,17.6303,8.4754,8.3394,15.3792,1.3724,145.1335,0.9811,32.5874,35.2117,8.6912
2016-04,0.7664,1.1346,0.6892,1.4319,3.5634,1.2818,6.4754,6.5591,7.7556,66.4219,109.5519,1145.7967,3.8971,17.4795,8.2082,8.1110,14.5868,1.3496,145.2019,0.9634,32.3200,35.0629,9.9750
2016-05,0.7318,1.1312,0.6807,1.4524,3.5403,1.2945,6.5259,6.5762,7.7635,66.8895,108.8481,1173.7905,4.0375,18.1360,8.2269,8.2154,15.3257,1.3695,145.9081,0.9777,32.5390,35.4076,9.9750
2016-06,0.7401,1.1232,0.7041,1.4197,3.4234,1.2894,6.5892,6.6210,7.7620,67.2655,105.3509,1165.2023,4.0772,18.6538,8.3064,8.3043,15.0500,1.3533,145.8609,0.9695,32.3000,35.2668,9.9750
2016-07,0.7529,1.1055,0.7132,1.3134,3.2781,1.3052,6.6771,6.7293,7.7568,67.1580,104.1910,1140.8650,4.0151,18.6155,8.4795,8.5722,14.3930,1.3513,145.4010,0.9830,32.1010,35.0410,9.9750
2016-08,0.7629,1.1207,0.7235,1.3101,3.2086,1.2998,6.6466,6.6396,7.7560,66.9035,101.2383,1110.0183,4.0219,18.4742,8.3009,8.4693,13.7828,1.3476,145.2035,0.9711,31.5374,34.7122,9.9750
2016-09,0.7591,1.1218,0.7312,1.3140,3.2532,1.3108,6.6702,6.6390,7.7564,66.7138,101.7843,1108.3638,4.1059,19.2436,8.1957,8.5311,14.0264,1.3591,145.4581,0.9732,31.4562,34.7133,9.9750
2016-10,0.7615,1.1014,0.7153,1.2330,3.1854,1.3251,6.7303,6.7553,7.7570,66.7415,103.9075,1128.1660,4.1738,18.8912,8.1722,8.8210,13.9273,1.3847,146.7600,0.9876,31.5860,35.0545,9.9750
2016-11,0.7532,1.0792,0.7153,1.2432,3.3369,1.3434,6.8402,6.8973,7.7560,67.6395,108.4430,1162.7080,4.3259,20.0086,8.4147,9.1266,13.9125,1.4105,147.8100,0.9963,31.7495,35.3345,9.9756
2016-12,0.7346,1.0545,0.7039,1.2483,3.3540,1.3339,6.9198,7.0524,7.7586,67.8052,115.9981,1183.0700,4.4573,20.4992,8.5617,9.2070,13.8377,1.4358,148.8152,1.0194,32.0005,35.7776,9.9750
2017-01,0.7465,1.0635,0.7132,1.2367,3.1901,1.3183,6.8907,6.9919,7.7560,68.0474,114.8721,1179.1074,4.4550,21.3911,8.4570,8.9451,13.5446,1.4276,149.8342,1.0075,31.6458,35.4289,9.9750
2017-02,0.7664,1.0650,0.7229,1.2495,3.1057,1.3109,6.8694,6.9810,7.7596,66.9726,112.9116,1140.4874,4.4401,20.3008,8.3215,8.9007,13.1905,1.4137,150.8721,1.0010,30.8547,34.9989,9.9750
2017-03,0.7622,1.0691,0.7006,1.2347,3.1275,1.3387,6.8940,6.9553,7.7658,65.8009,112.9165,1133.8617,4.4358,19.2800,8.5063,8.9147,12.9203,1.4049,151.5048,1.0015,30.6487,34.8752,9.9750
2017-04,0.7534,1.0714,0.6969,1.2639,3.1390,1.3437,6.8876,6.9422,7.7737,64.5360,110.0910,1134.1755,4.4030,18.7672,8.5855,8.9616,13.4508,1.3983,151.8620,1.0009,30.3585,34.4495,9.9750
2017-05,0.7437,1.1050,0.6946,1.2929,3.2043,1.3606,6.8843,6.7338,7.7864,64.4195,112.2436,1125.1359,4.3164,18.7666,8.5059,8.7826,13.2640,1.3951,152.3909,0.9867,30.1282,34.4573,9.9750
2017-06,0.7562,1.1233,0.7233,1.2810,3.2954,1.3295,6.8066,6.6203,7.7984,64.4482,110.9141,1130.8464,4.2760,18.1293,8.4594,8.6779,12.8924,1.3834,152.8082,0.9681,30.2595,33.9891,9.9750
2017-07,0.7807,1.1530,0.7358,1.2996,3.1994,1.2690,6.7694,6.4501,7.8091,64.4240,112.4170,1131.7460,4.2875,17.8081,8.1473,8.3129,13.1504,1.3707,153.5875,0.9604,30.3920,33.7090,9.9750
2017-08,0.7915,1.1813,0.7303,1.2952,3.1478,1.2608,6.6670,6.2966,7.8217,63.9683,109.8270,1130.2700,4.2820,17.7969,7.8885,8.0835,13.2149,1.3608,153.0978,0.9653,30.2330,33.2470,9.9750
2017-09,0.7974,1.1913,0.7259,1.3340,3.1325,1.2279,6.5690,6.2455,7.8127,64.4775,110.7760,1131.5990,4.2089,17.8305,7.8382,8.0096,13.1698,1.3494,152.8125,0.9625,30.1305,33.1385,9.9750
2017-10,0.7788,1.1755,0.7041,1.3202,3.1923,1.2607,6.6254,6.3318,7.8053,65.0357,112.9148,1130.8838,4.2280,18.8215,7.9970,8.1776,13.6975,1.3595,153.4905,0.9821,30.2519,33.2186,9.9750
2017-11,0.7620,1.1743,0.6886,1.3217,3.2629,1.2773,6.6200,6.3376,7.8052,64.8435,112.8190,1099.7945,4.1690,18.9306,8.1946,8.3893,14.0428,1.3556,153.5925,0.9915,30.0835,32.8905,9.9750
2017-12,0.7648,1.1836,0.6966,1.3404,3.2950,1.2769,6.5932,6.2885,7.8128,64.2445,112.9405,1082.9020,4.0775,19.1765,8.3178,8.3925,13.0918,1.3462,153.1085,0.9870,29.9545,32.6165,9.9750
2018-01,0.7956,1.2197,0.7263,1.3824,3.2115,1.2429,6.4233,6.1056,7.8190,63.6452,110.8710,1065.6410,3.9517,18.9118,7.9039,8.0480,12.1951,1.3214,153.7452,0.9604,29.4005,31.8700,9.9750
2018-02,0.7867,1.2340,0.7305,1.3961,3.2507,1.2588,6.3183,6.0329,7.8222,64.4300,107.9700,1078.4747,3.9104,18.6473,7.8394,8.0542,11.8216,1.3200,154.7737,0.9355,29.2458,31.4900,21089.7750
2018-03,0.7759,1.2334,0.7258,1.3976,3.2790,1.2933,6.3174,6.0403,7.8413,65.0455,106.0468,1069.9418,3.9013,18.5901,7.7702,8.2406,11.8422,1.3146,155.6386,0.9480,29.1991,31.2564,41273.2619
2018-04,0.7684,1.2270,0.7244,1.4079,3.4089,1.2732,6.2967,6.0705,7.8482,65.6729,107.6562,1068.0452,3.8855,18.3876,7.8471,8.4596,12.1067,1.3160,156.1857,0.9687,29.3767,31.3086,56813.5622
2018-05,0.7525,1.1823,0.6953,1.3470,3.6316,1.2866,6.3701,6.3001,7.8487,67.5100,109.6882,1076.6595,3.9586,19.5525,8.0963,8.7555,12.5394,1.3392,157.7527,0.9969,29.8673,31.9641,72987.5284
2018-06,0.7498,1.1679,0.6942,1.3294,3.7710,1.3125,6.4651,6.3785,7.8471,67.7900,110.0638,1094.3552,3.9973,20.2878,8.1104,8.8010,13.3138,1.3480,158.9619,0.9900,30.0848,32.4867,83600.0000
2018-07,0.7403,1.1685,0.6789,1.3162,3.8221,1.3133,6.7164,6.3768,7.8477,68.6867,111.5210,1122.2029,4.0479,18.9856,8.1307,8.8239,13.3670,1.3630,159.3548,0.9948,30.5429,33.2681,129228.5000
2018-08,0.7325,1.1547,0.6669,1.2878,3.9333,1.3042,6.8453,6.4574,7.8492,69.6317,110.9965,1120.4270,4.0917,18.8633,8.3398,9.0690,14.0916,1.3687,160.3217,0.9880,30.7039,33.0130,2495016.1501
2018-09,0.7206,1.1667,0.6598,1.3066,4.1087,1.3034,6.8551,6.3938,7.8364,72.2779,112.0974,1119.8200,4.1388,18.9991,8.2464,8.9395,14.7504,1.3710,165.2237,0.9683,30.7253,32.5784,61.4953
2018-10,0.7111,1.1488,0.6537,1.3012,3.7611,1.3004,6.9191,6.4939,7.8375,73.5609,112.7218,1131.6150,4.1570,19.1958,8.2545,9.0391,14.4869,1.3790,171.3614,0.9940,30.8823,32.7636,63.1191
2018-11,0.7247,1.1364,0.6777,1.2900,3.7860,1.3205,6.9367,6.5684,7.8286,71.7380,113.3380,1125.3450,4.1825,20.2448,8.4797,9.0676,14.0901,1.3748,176.7275,1.0011,30.8060,32.9485,71.2345
2018-12,0.7169,1.1380,0.6819,1.2664,3.8834,1.3436,6.8837,6.5579,7.8194,70.8331,112.1994,1122.4244,4.1688,20.0972,8.6263,9.0303,14.2574,1.3704,180.0794,0.9919,30.7822,32.7078,349.3944
2019-01,0.7151,1.1418,0.6782,1.2901,3.7356,1.3300,6.7863,6.5386,7.8411,70.7100,108.9605,1120.3300,4.1160,19.1704,8.5476,8.9950,13.8199,1.3560,181.6025,0.9897,30.8080,31.7775,1358.1886
2019-02,0.7136,1.1349,0.6830,1.3016,3.7244,1.3209,6.7367,6.5754,7.8477,71.1739,110.4400,1121.8333,4.0759,19.1953,8.5855,9.2481,13.8139,1.3539,178.3944,1.0014,30.7989,31.3272,3290.3447
2019-03,0.7082,1.1296,0.6835,1.3167,3.8407,1.3371,6.7119,6.6060,7.8492,69.4895,111.1443,1131.6005,4.0770,19.2442,8.6072,9.2931,14.3858,1.3543,178.0952,1.0005,30.8567,31.7352,3289.8605
2019-04,0.7111,1.1234,0.6715,1.3029,3.8974,1.3378,6.7161,6.6454,7.8445,69.4068,111.6414,1142.1650,4.1125,18.9641,8.5623,9.3280,14.1455,1.3561,174.6432,1.0084,30.8468,31.8477,3995.1608
2019-05,0.6945,1.1187,0.6562,1.2855,3.9915,1.3460,6.8519,6.6728,7.8478,69.7827,109.9714,1182.9527,4.1675,19.1110,8.7387,9.5921,14.4222,1.3706,176.1500,1.0107,31.2218,31.7964,5406.0829
2019-06,0.6946,1.1295,0.6602,1.2675,3.8557,1.3289,6.8977,6.6123,7.8260,69.3880,108.0685,1173.7845,4.1603,19.2728,8.6329,9.4085,14.5850,1.3621,176.4635,0.9880,31.2895,31.1010,6172.4045
2019-07,0.6978,1.1211,0.6679,1.2461,3.7785,1.3105,6.8775,6.6588,7.8133,68.7391,108.2864,1177.2345,4.1225,19.0452,8.6196,9.4191,14.0356,1.3616,175.8832,0.9880,31.0768,30.7995,7614.1471
2019-08,0.6775,1.1129,0.6434,1.2160,4.0220,1.3273,7.0629,6.7034,7.8420,71.1891,106.1886,1210.3782,4.1865,19.6828,8.9659,9.6467,15.1564,1.3845,177.9386,0.9787,31.3886,30.7441,14439.4932
2019-09,0.6815,1.1011,0.6345,1.2369,4.1195,1.3241,7.1137,6.7785,7.8350,71.3110,107.5400,1194.1145,4.1819,19.5470,9.0053,9.7086,14.8263,1.3790,180.7975,0.9906,31.0745,30.5580,21018.4955
2019-10,0.6798,1.1058,0.6337,1.2657,4.0825,1.3189,7.0961,6.7554,7.8421,71.0086,108.1368,1183.4473,4.1872,19.3193,9.1528,9.7675,14.9056,1.3704,181.3155,0.9930,30.7014,30.3441,20014.3341
2019-11,0.6827,1.1051,0.6397,1.2884,4.1558,1.3237,7.0199,6.7617,7.8279,71.4942,108.8579,1167.2989,4.1553,19.3261,9.1500,9.6381,14.7882,1.3615,180.3111,0.9929,30.4674,30.2405,28685.5211
2019-12,0.6887,1.1114,0.6599,1.3109,4.1045,1.3169,7.0137,6.7229,7.8045,71.1567,109.1010,1174.7052,4.1464,19.1024,9.0240,9.4324,14.4024,1.3565,181.1976,0.9826,30.2590,30.1957,44160.9900
2020-01,0.6851,1.1098,0.6601,1.3076,4.1512,1.3089,6.9184,6.7339,7.7725,71.2790,109.2667,1167.4624,4.0785,18.8066,8.9615,9.5099,14.4136,1.3517,181.3219,0.9698,30.0200,30.4700,66616.9705
2020-02,0.6664,1.0911,0.6390,1.2953,4.3470,1.3286,6.9967,6.8469,7.7757,71.5295,110.0295,1195.3358,4.1625,18.8423,9.2957,9.6881,15.0244,1.3897,181.5016,0.9762,30.1574,31.3226,73360.9811
2020-03,0.6218,1.1046,0.6056,1.2369,4.8862,1.3960,7.0205,6.7646,7.7651,74.5482,107.6673,1218.1945,4.2958,22.3785,10.2403,9.8437,16.6761,1.4171,184.4095,0.9593,30.1305,32.0945,73313.7127
2020-04,0.6312,1.0871,0.6015,1.2420,5.3171,1.4048,7.0708,6.8638,7.7512,76.1682,107.7386,1223.1309,4.3493,24.1798,10.4199,10.0164,18.5651,1.4228,191.3536,0.9701,30.0732,32.6127,121810.0041
2020-05,0.6517,1.0907,0.6087,1.2302,5.6394,1.3972,7.1016,6.8377,7.7519,75.6575,107.2000,1228.1340,4.3362,23.5240,10.0926,9.7286,18.1839,1.4178,187.5425,0.9692,29.9205,32.0805,181598.4850